Tool,Seq1,Seq2,Inputfile_ID,Insertions,Deletions,Mismatches,Total_Length
mumer,NC_002695.2,CP041955.1,2,0,2,99,5235
mumer,NC_002695.2,CP041955.1,2,35,29,755,31689
mumer,NC_002695.2,CP041955.1,2,174,2,428,25265
mumer,NC_002695.2,CP041955.1,2,4,4,82,1950
mumer,NC_002695.2,CP041955.1,2,14,0,510,32591
mumer,NC_002695.2,CP041955.1,2,0,0,244,16186
mumer,NC_002695.2,CP041955.1,2,0,0,335,19979
mumer,NC_002695.2,CP041955.1,2,1,1,104,1678
mumer,NC_002695.2,CP041955.1,2,0,0,366,16140
mumer,NC_002695.2,CP041955.1,2,0,0,118,10645
mumer,NC_002695.2,CP041955.1,2,0,0,93,7543
mumer,NC_002695.2,CP041955.1,2,22,5,438,39198
mumer,NC_002695.2,CP041955.1,2,7,11,49,5359
mumer,NC_002695.2,CP041955.1,2,1,1,13,1738
mumer,NC_002695.2,CP041955.1,2,4,1,26,2505
mumer,NC_002695.2,CP041955.1,2,3,2,24,3702
mumer,NC_002695.2,CP041955.1,2,0,0,0,79
mumer,NC_002695.2,CP041955.1,2,2,2,83,6051
mumer,NC_002695.2,CP041955.1,2,18,41,590,24514
mumer,NC_002695.2,CP041955.1,2,1,1,100,1613
mumer,NC_002695.2,CP041955.1,2,9,9,154,2083
mumer,NC_002695.2,CP041955.1,2,2,2,99,738
mumer,NC_002695.2,CP041955.1,2,2,2,116,738
mumer,NC_002695.2,CP041955.1,2,0,1,31,381
mumer,NC_002695.2,CP041955.1,2,0,0,43,705
mumer,NC_002695.2,CP041955.1,2,1,1,147,1234
mumer,NC_002695.2,CP041955.1,2,2,5,146,3422
mumer,NC_002695.2,CP041955.1,2,0,0,48,329
mumer,NC_002695.2,CP041955.1,2,1,0,128,4770
mumer,NC_002695.2,CP041955.1,2,88,8,468,18883
mumer,NC_002695.2,CP041955.1,2,0,0,4,128
mumer,NC_002695.2,CP041955.1,2,0,0,4,86
mumer,NC_002695.2,CP041955.1,2,0,0,4,127
mumer,NC_002695.2,CP041955.1,2,0,0,3,126
mumer,NC_002695.2,CP041955.1,2,0,0,8,133
mumer,NC_002695.2,CP041955.1,2,0,0,9,340
mumer,NC_002695.2,CP041955.1,2,5,2,5,279
mumer,NC_002695.2,CP041955.1,2,0,0,14,481
mumer,NC_002695.2,CP041955.1,2,3,4,307,15236
mumer,NC_002695.2,CP041955.1,2,2,0,20,868
mumer,NC_002695.2,CP041955.1,2,29,12,312,6076
mumer,NC_002695.2,CP041955.1,2,3,2,114,8038
mumer,NC_002695.2,CP041955.1,2,0,2,172,6067
mumer,NC_002695.2,CP041955.1,2,2,11,174,7445
mumer,NC_002695.2,CP041955.1,2,0,0,4,142
mumer,NC_002695.2,CP041955.1,2,0,0,0,135
mumer,NC_002695.2,CP041955.1,2,1,1,88,2585
mumer,NC_002695.2,CP041955.1,2,5,3,127,6971
mumer,NC_002695.2,CP041955.1,2,5,1,103,4898
mumer,NC_002695.2,CP041955.1,2,5,0,1,100
mumer,NC_002695.2,CP041955.1,2,5,0,2,100
mumer,NC_002695.2,CP041955.1,2,14,10,65,3067
mumer,NC_002695.2,CP041955.1,2,14,1,249,9907
mumer,NC_002695.2,CP041955.1,2,0,0,110,7373
mumer,NC_002695.2,CP041955.1,2,1,2,42,2105
mumer,NC_002695.2,CP041955.1,2,2,1,12,110
mumer,NC_002695.2,CP041955.1,2,2,1,12,110
mumer,NC_002695.2,CP041955.1,2,2,1,14,110
mumer,NC_002695.2,CP041955.1,2,2,3,55,2555
mumer,NC_002695.2,CP041955.1,2,4,6,165,5146
mumer,NC_002695.2,CP041955.1,2,0,0,144,12493
mumer,NC_002695.2,CP041955.1,2,0,0,50,2730
mumer,NC_002695.2,CP041955.1,2,0,0,16,370
mumer,NC_002695.2,CP041955.1,2,0,3,18,2205
mumer,NC_002695.2,CP041955.1,2,3,0,154,13155
mumer,NC_002695.2,CP041955.1,2,1,0,75,6135
mumer,NC_002695.2,CP041955.1,2,0,0,91,6562
mumer,NC_002695.2,CP041955.1,2,0,0,35,989
mumer,NC_002695.2,CP041955.1,2,4,17,652,51639
mumer,NC_002695.2,CP041955.1,2,0,0,92,7695
mumer,NC_002695.2,CP041955.1,2,1,0,272,15818
mumer,NC_002695.2,CP041955.1,2,0,1,29,504
mumer,NC_002695.2,CP041955.1,2,17,9,324,12563
mumer,NC_002695.2,CP041955.1,2,16,10,210,3756
mumer,NC_002695.2,CP041955.1,2,7,13,300,1650
mumer,NC_002695.2,CP041955.1,2,7,13,304,1650
mumer,NC_002695.2,CP041955.1,2,7,13,300,1639
mumer,NC_002695.2,CP041955.1,2,147,14,651,44049
mumer,NC_002695.2,CP041955.1,2,1,1,36,1295
mumer,NC_002695.2,CP041955.1,2,1,1,29,1267
mumer,NC_002695.2,CP041955.1,2,0,1,58,1293
mumer,NC_002695.2,CP041955.1,2,0,0,51,1280
mumer,NC_002695.2,CP041955.1,2,0,0,47,888
mumer,NC_002695.2,CP041955.1,2,0,1,29,381
mumer,NC_002695.2,CP041955.1,2,0,0,73,1566
mumer,NC_002695.2,CP041955.1,2,0,0,116,1544
mumer,NC_002695.2,CP041955.1,2,0,0,114,3635
mumer,NC_002695.2,CP041955.1,2,19,0,140,8325
mumer,NC_002695.2,CP041955.1,2,0,0,0,115
mumer,NC_002695.2,CP041955.1,2,14,0,41,1820
mumer,NC_002695.2,CP041955.1,2,0,0,1,91
mumer,NC_002695.2,CP041955.1,2,0,0,17,390
mumer,NC_002695.2,CP041955.1,2,0,0,359,15193
mumer,NC_002695.2,CP041955.1,2,1,1,12,146
mumer,NC_002695.2,CP041955.1,2,2,2,294,14787
mumer,NC_002695.2,CP041955.1,2,3,11,908,58550
mumer,NC_002695.2,CP041955.1,2,1,3,218,15701
mumer,NC_002695.2,CP041955.1,2,0,0,61,2833
mumer,NC_002695.2,CP041955.1,2,0,0,38,352
mumer,NC_002695.2,CP041955.1,2,2,1,279,12266
mumer,NC_002695.2,CP041955.1,2,0,33,66,3691
mumer,NC_002695.2,CP041955.1,2,0,0,76,3762
mumer,NC_002695.2,CP041955.1,2,0,1,26,456
mumer,NC_002695.2,CP041955.1,2,0,1,42,2112
mumer,NC_002695.2,CP041955.1,2,1,1,41,1281
mumer,NC_002695.2,CP041955.1,2,0,0,26,1291
mumer,NC_002695.2,CP041955.1,2,0,1,25,356
mumer,NC_002695.2,CP041955.1,2,0,1,54,1266
mumer,NC_002695.2,CP041955.1,2,0,0,33,1293
mumer,NC_002695.2,CP041955.1,2,0,0,38,889
mumer,NC_002695.2,CP041955.1,2,15,18,1069,12905
mumer,NC_002695.2,CP041955.1,2,0,0,115,9567
mumer,NC_002695.2,CP041955.1,2,0,0,21,2188
mumer,NC_002695.2,CP041955.1,2,81,0,103,9258
mumer,NC_002695.2,CP041955.1,2,0,0,3,207
mumer,NC_002695.2,CP041955.1,2,0,0,10,453
mumer,NC_002695.2,CP041955.1,2,4,18,24,338
mumer,NC_002695.2,CP041955.1,2,0,1,8,275
mumer,NC_002695.2,CP041955.1,2,0,0,0,79
mumer,NC_002695.2,CP041955.1,2,2,11,459,24091
mumer,NC_002695.2,CP041955.1,2,0,0,0,128
mumer,NC_002695.2,CP041955.1,2,0,0,32,1466
mumer,NC_002695.2,CP041955.1,2,5,5,455,19304
mumer,NC_002695.2,CP041955.1,2,0,0,27,238
mumer,NC_002695.2,CP041955.1,2,3,3,223,4459
mumer,NC_002695.2,CP041955.1,2,5,4,85,1083
mumer,NC_002695.2,CP041955.1,2,2,6,534,24916
mumer,NC_002695.2,CP041955.1,2,1,11,239,12626
mumer,NC_002695.2,CP041955.1,2,76,0,279,18611
mumer,NC_002695.2,CP041955.1,2,0,11,181,12311
mumer,NC_002695.2,CP041955.1,2,1,9,308,22931
mumer,NC_002695.2,CP041955.1,2,1,1,211,4643
mumer,NC_002695.2,CP041955.1,2,0,1,287,10422
mumer,NC_002695.2,CP041955.1,2,1,0,25,276
mumer,NC_002695.2,CP041955.1,2,4,2,19,270
mumer,NC_002695.2,CP041955.1,2,5,44,365,33468
mumer,NC_002695.2,CP041955.1,2,3,3,428,34049
mumer,NC_002695.2,CP041955.1,2,3,3,386,19567
mumer,NC_002695.2,CP041955.1,2,1,0,226,27649
mumer,NC_002695.2,CP041955.1,2,4,11,38,532
mumer,NC_002695.2,CP041955.1,2,1,1,36,430
mumer,NC_002695.2,CP041955.1,2,24,0,27,594
mumer,NC_002695.2,CP041955.1,2,0,1,39,387
mumer,NC_002695.2,CP041955.1,2,1,0,131,1542
mumer,NC_002695.2,CP041955.1,2,0,1,14,210
mumer,NC_002695.2,CP041955.1,2,0,0,3,226
mumer,NC_002695.2,CP041955.1,2,2,2,103,1641
mumer,NC_002695.2,CP041955.1,2,2,0,48,1101
mumer,NC_002695.2,CP041955.1,2,3,0,11,574
mumer,NC_002695.2,CP041955.1,2,9,19,701,34538
mumer,NC_002695.2,CP041955.1,2,0,0,19,285
mumer,NC_002695.2,CP041955.1,2,0,3,68,718
mumer,NC_002695.2,CP041955.1,2,67,1,13,676
mumer,NC_002695.2,CP041955.1,2,0,0,278,12333
mumer,NC_002695.2,CP041955.1,2,2,1,86,13020
mumer,NC_002695.2,CP041955.1,2,0,0,21,1533
mumer,NC_002695.2,CP041955.1,2,49,7,126,11067
mumer,NC_002695.2,CP041955.1,2,0,0,1,358
mumer,NC_002695.2,CP041955.1,2,0,0,1,358
mumer,NC_002695.2,CP041955.1,2,0,0,12,965
mumer,NC_002695.2,CP041955.1,2,0,0,5,931
mumer,NC_002695.2,CP041955.1,2,1,0,8,827
mumer,NC_002695.2,CP041955.1,2,0,0,1,375
mumer,NC_002695.2,CP041955.1,2,0,0,4,354
mumer,NC_002695.2,CP041955.1,2,0,0,1,318
mumer,NC_002695.2,CP041955.1,2,0,0,35,333
mumer,NC_002695.2,CP041955.1,2,4,20,80,720
mumer,NC_002695.2,CP041955.1,2,0,0,71,770
mumer,NC_002695.2,CP041955.1,2,0,1,4,774
mumer,NC_002695.2,CP041955.1,2,0,0,54,768
mumer,NC_002695.2,CP041955.1,2,0,1,53,773
mumer,NC_002695.2,CP041955.1,2,0,0,53,768
mumer,NC_002695.2,CP041955.1,2,0,0,28,769
mumer,NC_002695.2,CP041955.1,2,0,1,6,769
mumer,NC_002695.2,CP041955.1,2,0,0,14,4216
mumer,NC_002695.2,CP041955.1,2,0,0,70,775
mumer,NC_002695.2,CP041955.1,2,0,0,69,769
mumer,NC_002695.2,CP041955.1,2,0,0,12,779
mumer,NC_002695.2,CP041955.1,2,0,0,69,769
mumer,NC_002695.2,CP041955.1,2,0,0,71,768
mumer,NC_002695.2,CP041955.1,2,0,0,69,773
mumer,NC_002695.2,CP041955.1,2,0,1,68,768
mumer,NC_002695.2,CP041955.1,2,0,0,71,775
mumer,NC_002695.2,CP041955.1,2,0,0,69,769
mumer,NC_002695.2,CP041955.1,2,1,0,75,773
mumer,NC_002695.2,CP041955.1,2,0,0,73,768
mumer,NC_002695.2,CP041955.1,2,4,1,59,495
mumer,NC_002695.2,CP041955.1,2,2,1,17,526
mumer,NC_002695.2,CP041955.1,2,2,1,30,526
mumer,NC_002695.2,CP041955.1,2,1,1,29,526
mumer,NC_002695.2,CP041955.1,2,1,1,29,525
mumer,NC_002695.2,CP041955.1,2,0,0,0,1258
mumer,NC_002695.2,CP041955.1,2,1,0,7,7128
mumer,NC_002695.2,CP041955.1,2,0,0,0,259
mumer,NC_002695.2,CP041955.1,2,0,0,0,259
mumer,NC_002695.2,CP041955.1,2,0,0,15,841
mumer,NC_002695.2,CP041955.1,2,3,3,98,1690
mumer,NC_002695.2,CP041955.1,2,4,3,63,1370
mumer,NC_002695.2,CP041955.1,2,0,0,22,318
mumer,NC_002695.2,CP041955.1,2,3,3,190,17567
mumer,NC_002695.2,CP041955.1,2,5,5,122,2150
mumer,NC_002695.2,CP041955.1,2,10,1,96,1036
mumer,NC_002695.2,CP041955.1,2,12,7,189,2042
mumer,NC_002695.2,CP041955.1,2,38,2,164,2307
mumer,NC_002695.2,CP041955.1,2,6,0,161,1943
mumer,NC_002695.2,CP041955.1,2,11,11,450,31091
mumer,NC_002695.2,CP041955.1,2,1,0,165,10189
mumer,NC_002695.2,CP041955.1,2,12,32,453,35542
mumer,NC_002695.2,CP041955.1,2,0,0,32,3900
mumer,NC_002695.2,CP041955.1,2,3,0,8,151
mumer,NC_002695.2,CP041955.1,2,1,1,56,375
mumer,NC_002695.2,CP041955.1,2,3,2,155,1569
mumer,NC_002695.2,CP041955.1,2,1,0,143,1291
mumer,NC_002695.2,CP041955.1,2,0,0,8,152
mumer,NC_002695.2,CP041955.1,2,0,0,66,4721
mumer,NC_002695.2,CP041955.1,2,1,1,125,8117
mumer,NC_002695.2,CP041955.1,2,0,0,73,786
mumer,NC_002695.2,CP041955.1,2,2,2,88,1499
mumer,NC_002695.2,CP041955.1,2,1,1,86,1550
mumer,NC_002695.2,CP041955.1,2,1,1,131,2770
mumer,NC_002695.2,CP041955.1,2,1,1,135,2770
mumer,NC_002695.2,CP041955.1,2,3,0,63,1584
mumer,NC_002695.2,CP041955.1,2,1,0,108,1651
mumer,NC_002695.2,CP041955.1,2,0,0,9,125
mumer,NC_002695.2,CP041955.1,2,0,0,15,124
mumer,NC_002695.2,CP041955.1,2,0,2,10,991
mumer,NC_002695.2,CP041955.1,2,0,0,22,765
mumer,NC_002695.2,CP041955.1,2,9,50,294,20423
mumer,NC_002695.2,CP041955.1,2,0,0,22,513
mumer,NC_002695.2,CP041955.1,2,1,0,23,514
mumer,NC_002695.2,CP041955.1,2,0,0,22,514
mumer,NC_002695.2,CP041955.1,2,0,0,11,520
mumer,NC_002695.2,CP041955.1,2,0,1,29,790
mumer,NC_002695.2,CP041955.1,2,0,0,27,790
mumer,NC_002695.2,CP041955.1,2,0,0,27,791
mumer,NC_002695.2,CP041955.1,2,0,0,14,1122
mumer,NC_002695.2,CP041955.1,2,13,0,67,5449
mumer,NC_002695.2,CP041955.1,2,8,77,159,15847
mumer,NC_002695.2,CP041955.1,2,2,3,12,474
mumer,NC_002695.2,CP041955.1,2,8,7,121,9737
mumer,NC_002695.2,CP041955.1,2,0,0,95,7608
mumer,NC_002695.2,CP041955.1,2,0,0,43,255
mumer,NC_002695.2,CP041955.1,2,1,1,67,415
mumer,NC_002695.2,CP041955.1,2,4,1,91,7536
mumer,NC_002695.2,CP041955.1,2,3,4,205,18060
mumer,NC_002695.2,CP041955.1,2,0,0,35,1122
mumer,NC_002695.2,CP041955.1,2,90,2,47,1011
mumer,NC_002695.2,CP041955.1,2,2,1,17,710
mumer,NC_002695.2,CP041955.1,2,3,0,124,1052
mumer,NC_002695.2,CP041955.1,2,0,1,38,348
mumer,NC_002695.2,CP041955.1,2,0,0,11,220
mumer,NC_002695.2,CP041955.1,2,1,1,120,2188
mumer,NC_002695.2,CP041955.1,2,0,0,76,1110
mumer,NC_002695.2,CP041955.1,2,0,0,13,2070
mumer,NC_002695.2,CP041955.1,2,0,0,300,11036
mumer,NC_002695.2,CP041955.1,2,16,3,190,9192
mumer,NC_002695.2,CP041955.1,2,2,0,183,16107
mumer,NC_002695.2,CP041955.1,2,0,0,170,10693
mumer,NC_002695.2,CP041955.1,2,6,11,789,28097
mumer,NC_002695.2,CP041955.1,2,0,0,4,139
mumer,NC_002695.2,CP041955.1,2,1,0,99,8930
mumer,NC_002695.2,CP041955.1,2,2,1,22,528
mumer,NC_002695.2,CP041955.1,2,0,0,108,10937
mumer,NC_002695.2,CP041955.1,2,0,0,37,454
mumer,NC_002695.2,CP041955.1,2,0,0,53,431
mumer,NC_002695.2,CP041955.1,2,0,0,7,281
mumer,NC_002695.2,CP041955.1,2,0,0,77,1343
mumer,NC_002695.2,CP041955.1,2,1,2,123,2879
mumer,NC_002695.2,CP041955.1,2,1,4,79,1103
mumer,NC_002695.2,CP041955.1,2,26,4,261,11247
mumer,NC_002695.2,CP041955.1,2,5,15,516,14343
mumer,NC_002695.2,CP041955.1,2,0,3,222,15999
mumer,NC_002695.2,CP041955.1,2,19,16,625,29004
mumer,NC_002695.2,CP041955.1,2,0,0,79,1645
mumer,NC_002695.2,CP041955.1,2,19,12,197,3736
mumer,NC_002695.2,CP041955.1,2,1,59,40,1514
mumer,NC_002695.2,CP041955.1,2,1,25,18,1315
mumer,NC_002695.2,CP041955.1,2,0,0,32,889
mumer,NC_002695.2,CP041955.1,2,1,26,49,1291
mumer,NC_002695.2,CP041955.1,2,15,28,337,13794
mumer,NC_002695.2,CP041955.1,2,0,1,27,356
mumer,NC_002695.2,CP041955.1,2,4,7,159,825
mumer,NC_002695.2,CP041955.1,2,0,0,7,326
mumer,NC_002695.2,CP041955.1,2,33,17,657,44188
mumer,NC_002695.2,CP041955.1,2,9,9,363,1803
mumer,NC_002695.2,CP041955.1,2,1,1,53,317
mumer,NC_002695.2,CP041955.1,2,1,0,12,125
mumer,NC_002695.2,CP041955.1,2,3,3,61,1507
mumer,NC_002695.2,CP041955.1,2,0,1,14,465
mumer,NC_002695.2,CP041955.1,2,0,6,31,1272
mumer,NC_002695.2,CP041955.1,2,25,11,352,19362
mumer,NC_002695.2,CP041955.1,2,0,2,345,10592
mumer,NC_002695.2,CP041955.1,2,1,2,129,9749
mumer,NC_002695.2,CP041955.1,2,0,0,4,219
mumer,NC_002695.2,CP041955.1,2,1,0,31,437
mumer,NC_002695.2,CP041955.1,2,1,21,51,513
mumer,NC_002695.2,CP041955.1,2,1,1,72,1608
mumer,NC_002695.2,CP041955.1,2,7,4,29,609
mumer,NC_002695.2,CP041955.1,2,4,1,98,1260
mumer,NC_002695.2,CP041955.1,2,0,1,28,797
mumer,NC_002695.2,CP041955.1,2,0,0,13,2071
mumer,NC_002695.2,CP041955.1,2,2,3,62,459
mumer,NC_002695.2,CP041955.1,2,0,2,152,2439
mumer,NC_002695.2,CP041955.1,2,0,2,6,127
mumer,NC_002695.2,CP041955.1,2,3,2,155,1569
mumer,NC_002695.2,CP041955.1,2,1,0,14,182
mumer,NC_002695.2,CP041955.1,2,0,0,15,295
mumer,NC_002695.2,CP041955.1,2,1,1,64,1847
mumer,NC_002695.2,CP041955.1,2,1,1,79,1158
mumer,NC_002695.2,CP041955.1,2,1,0,441,36316
mumer,NC_002695.2,CP041955.1,2,3,14,242,17173
mumer,NC_002695.2,CP041955.1,2,97,10,1404,107630
mumer,NC_002695.2,CP041955.1,2,1,2,619,34009
mumer,NC_002695.2,CP041955.1,2,0,1,34,3100
mumer,NC_002695.2,CP041955.1,2,0,0,32,795
mumer,NC_002695.2,CP041955.1,2,0,0,32,795
mumer,NC_002695.2,CP041955.1,2,0,0,29,517
mumer,NC_002695.2,CP041955.1,2,1,1,29,525
mumer,NC_002695.2,CP041955.1,2,2,1,30,526
mumer,NC_002695.2,CP041955.1,2,2,1,17,526
mumer,NC_002695.2,CP041955.1,2,0,0,6,261
mumer,NC_002695.2,CP041955.1,2,16,4,333,29279
mumer,NC_002695.2,CP041955.1,2,4,9,782,61184
mumer,NC_002695.2,CP041955.1,2,0,0,299,20617
mumer,NC_002695.2,CP041955.1,2,5,4,360,26079
mumer,NC_002695.2,CP041955.1,2,0,0,31,795
mumer,NC_002695.2,CP041955.1,2,0,0,31,796
mumer,NC_002695.2,CP041955.1,2,3,0,4,1122
mumer,NC_002695.2,CP041955.1,2,3,0,6,1132
mumer,NC_002695.2,CP041955.1,2,1,0,185,10617
mumer,NC_002695.2,CP041955.1,2,0,0,0,76
mumer,NC_002695.2,CP041955.1,2,0,0,0,76
mumer,NC_002695.2,CP041955.1,2,0,0,0,76
mumer,NC_002695.2,CP041955.1,2,9,2,200,7471
mumer,NC_002695.2,CP041955.1,2,3,2,168,1203
mumer,NC_002695.2,CP041955.1,2,8,83,522,23064
mumer,NC_002695.2,CP041955.1,2,3,1,134,8303
mumer,NC_002695.2,CP041955.1,2,0,0,76,533
mumer,NC_002695.2,CP041955.1,2,1,1,23,528
mumer,NC_002695.2,CP041955.1,2,2,1,153,1542
mumer,NC_002695.2,CP041955.1,2,24,14,49,566
mumer,NC_002695.2,CP041955.1,2,3,3,153,1125
mumer,NC_002695.2,CP041955.1,2,0,0,81,4679
mumer,NC_002695.2,CP041955.1,2,0,0,24,239
mumer,NC_002695.2,CP041955.1,2,1,0,337,9641
mumer,NC_002695.2,CP041955.1,2,7,1,191,8280
mumer,NC_002695.2,CP041955.1,2,0,0,0,85
mumer,NC_002695.2,CP041955.1,2,0,0,3,104
mumer,NC_002695.2,CP041955.1,2,0,0,2,104
mumer,NC_002695.2,CP041955.1,2,0,0,0,85
mumer,NC_002695.2,CP041955.1,2,0,0,8,725
mumer,NC_002695.2,CP041955.1,2,0,1,33,798
mumer,NC_002695.2,CP041955.1,2,0,0,31,795
mumer,NC_002695.2,CP041955.1,2,0,0,31,795
mumer,NC_002695.2,CP041955.1,2,0,0,16,525
mumer,NC_002695.2,CP041955.1,2,2,1,22,526
mumer,NC_002695.2,CP041955.1,2,1,1,21,527
mumer,NC_002695.2,CP041955.1,2,0,0,21,515
mumer,NC_002695.2,CP041955.1,2,0,4,57,956
mumer,NC_002695.2,CP041955.1,2,39,1,224,3051
mumer,NC_002695.2,CP041955.1,2,107,4,154,2771
mumer,NC_002695.2,CP041955.1,2,0,0,10,158
mumer,NC_002695.2,CP041955.1,2,0,2,27,2614
mumer,NC_002695.2,CP041955.1,2,0,0,120,7923
mumer,NC_002695.2,CP041955.1,2,0,1,230,7331
mumer,NC_002695.2,CP041955.1,2,3,3,224,1427
mumer,NC_002695.2,CP041955.1,2,1,0,78,569
mumer,NC_002695.2,CP041955.1,2,0,0,68,1586
mumer,NC_002695.2,CP041955.1,2,0,0,67,3927
mumer,NC_002695.2,CP041955.1,2,12,137,1124,39445
mumer,NC_002695.2,CP041955.1,2,10,30,705,6874
mumer,NC_002695.2,CP041955.1,2,1,9,264,5293
mumer,NC_002695.2,CP041955.1,2,4,4,249,2220
mumer,NC_002695.2,CP041955.1,2,6,55,434,5966
mumer,NC_002695.2,CP041955.1,2,1,15,326,7081
mumer,NC_002695.2,CP041955.1,2,0,0,55,3840
mumer,NC_002695.2,CP041955.1,2,1,1,144,2438
mumer,NC_002695.2,CP041955.1,2,6,4,86,1117
mumer,NC_002695.2,CP041955.1,2,3,1,123,916
mumer,NC_002695.2,CP041955.1,2,0,1,10,264
mumer,NC_002695.2,CP041955.1,2,0,0,1,73
mumer,NC_002695.2,CP041955.1,2,0,1,155,4691
mumer,NC_002695.2,CP041955.1,2,1,11,246,9410
mumer,NC_002695.2,CP041955.1,2,0,0,21,281
mumer,NC_002695.2,CP041955.1,2,0,0,28,262
mumer,NC_002695.2,CP041955.1,2,0,0,28,977
mumer,NC_002695.2,CP041955.1,2,0,0,40,3439
mumer,NC_002695.2,CP041955.1,2,0,0,71,2556
mumer,NC_002695.2,CP041955.1,2,17,28,1712,78197
mumer,NC_002695.2,CP041955.1,2,0,0,40,3005
mumer,NC_002695.2,CP041955.1,2,9,15,522,22308
mumer,NC_002695.2,CP041955.1,2,1,0,17,257
mumer,NC_002695.2,CP041955.1,2,0,3,112,7778
mumer,NC_002695.2,CP041955.1,2,1,12,30,1850
mumer,NC_002695.2,CP041955.1,2,4,12,456,24416
mumer,NC_002695.2,CP041955.1,2,4,1,18,278
mumer,NC_002695.2,CP041955.1,2,2,0,34,991
mumer,NC_002695.2,CP041955.1,2,0,0,63,3042
mumer,NC_002695.2,CP041955.1,2,2,2,484,37815
mumer,NC_002695.2,CP041955.1,2,4,3,29,270
mumer,NC_002695.2,CP041955.1,2,2,76,413,18257
mumer,NC_002695.2,CP041955.1,2,6,4,522,3274
mumer,NC_002695.2,CP041955.1,2,3,2,154,6558
mumer,NC_002695.2,CP041955.1,2,0,0,16,496
mumer,NC_002695.2,CP041955.1,2,6,0,124,3146
mumer,NC_002695.2,CP041955.1,2,6,17,743,40904
mumer,NC_002695.2,CP041955.1,2,1,0,65,3588
mumer,NC_002695.2,CP041955.1,2,0,0,44,1753
mumer,NC_002695.2,CP041955.1,2,0,0,41,1753
mumer,NC_002695.2,CP041955.1,2,2,1,28,2174
mumer,NC_002695.2,CP041955.1,2,0,0,0,119
mumer,NC_002695.2,CP041955.1,2,1,12,106,11788
mumer,NC_002695.2,CP041955.1,2,1,0,156,4979
mumer,NC_002695.2,CP041955.1,2,0,0,174,5652
mumer,NC_002695.2,CP041955.1,2,1,0,243,11819
mumer,NC_002695.2,CP041955.1,2,106,52,1023,76730
mumer,NC_002695.2,CP041955.1,2,1,0,127,8425
mumer,NC_002695.2,CP041955.1,2,1,3,105,8455
mumer,NC_002695.2,CP041955.1,2,0,0,433,21507
mumer,NC_002695.2,CP041955.1,2,16,23,474,30039
mumer,NC_002695.2,CP041955.1,2,0,1,15,141
mumer,NC_002695.2,CP041955.1,2,96,17,457,31890
mumer,NC_002695.2,CP041955.1,2,12,1,42,4950
mumer,NC_002695.2,CP041955.1,2,3,10,27,3251
mumer,NC_002695.2,CP041955.1,2,9,1,42,5359
mumer,NC_002695.2,CP041955.1,2,5,1,24,3252
mumer,NC_002695.2,CP041955.1,2,92,2,43,4696
mumer,NC_002695.2,CP041955.1,2,1,1,13,1688
mumer,NC_002695.2,CP041955.1,2,2,1,15,1743
mumer,NC_002695.2,CP041955.1,2,0,1,7,1741
mumer,NC_002695.2,CP041955.1,2,1,1,8,1925
mumer,NC_002695.2,CP041955.1,2,5,1,120,9528
mumer,NC_002695.2,CP041955.1,2,0,0,15,239
mumer,NC_002695.2,CP041955.1,2,0,0,6,1277
mumer,NC_002695.2,CP041955.1,2,0,0,46,547
mumer,NC_002695.2,CP041955.1,2,0,0,7,821
mumer,NC_002695.2,CP041955.1,2,0,0,8,825
mumer,NC_002695.2,CP041955.1,2,2,10,639,22505
mumer,NC_002695.2,CP041955.1,2,0,1,9,355
mumer,NC_002695.2,CP041955.1,2,0,1,38,356
mumer,NC_002695.2,CP041955.1,2,1,2,228,17323
mumer,NC_002695.2,CP041955.1,2,2,1,10,276
mumer,NC_002695.2,CP041955.1,2,1,0,10,188
mumer,NC_002695.2,CP041955.1,2,0,0,7,328
mumer,NC_002695.2,CP041955.1,2,8,3,213,14862
mumer,NC_002695.2,CP041955.1,2,35,0,568,26887
mumer,NC_002695.2,CP041955.1,2,6,5,173,11281
mumer,NC_002695.2,CP041955.1,2,7,0,417,16731
mumer,NC_002695.2,CP041955.1,2,0,0,27,1129
mumer,NC_002695.2,CP041955.1,2,6,6,1103,83990
mumer,NC_002695.2,CP041955.1,2,5,14,363,13615
mumer,NC_002695.2,CP041955.1,2,0,0,3,613
mumer,NC_002695.2,CP041955.1,2,5,0,17,1169
mumer,NC_002695.2,CP041955.1,2,0,1,150,13444
mumer,NC_002695.2,CP041955.1,2,2,0,408,29771
mumer,NC_002695.2,CP041955.1,2,0,0,43,2662
mumer,NC_002695.2,CP041955.1,2,1,2,215,10934
mumer,NC_002695.2,CP041955.1,2,46,1,177,17113
mumer,NC_002695.2,CP041955.1,2,0,0,209,9669
mumer,NC_002695.2,CP041955.1,2,2,111,467,26617
mumer,NC_002695.2,CP041955.1,2,0,0,16,238
mumer,NC_002695.2,CP041955.1,2,0,0,0,288
mumer,NC_002695.2,CP041955.1,2,0,0,12,472
mumer,NC_002695.2,CP041955.1,2,6,3,436,32687
mumer,NC_002695.2,CP041955.1,2,0,0,41,3087
mumer,NC_002695.2,CP041955.1,2,0,0,6,1031
mumer,NC_002695.2,CP041955.1,2,0,0,199,11563
mumer,NC_002695.2,CP041955.1,2,3,5,764,39834
mumer,NC_002695.2,CP041955.1,2,7,6,462,21479
mumer,NC_002695.2,CP041955.1,2,0,0,17,184
mumer,NC_002695.2,CP041955.1,2,1,0,201,16983
mumer,NC_002695.2,CP041955.1,2,0,0,3,177
mumer,NC_002695.2,CP041955.1,2,0,0,190,17028
mumer,NC_002695.2,CP041955.1,2,0,0,4,147
mumer,NC_002695.2,CP041955.1,2,0,0,124,6890
mumer,NC_002695.2,CP041955.1,2,2,2,470,38414
mumer,NC_002695.2,CP041955.1,2,0,0,0,77
mumer,NC_002695.2,CP041955.1,2,0,0,0,77
mumer,NC_002695.2,CP041955.1,2,0,0,0,77
mumer,NC_002695.2,CP041955.1,2,1,2,63,6271
mumer,NC_002695.2,CP041955.1,2,1,0,317,23776
mumer,NC_002695.2,CP041955.1,2,0,0,17,286
mumer,NC_002695.2,CP041955.1,2,94,3,307,24076
mumer,NC_002695.2,CP041955.1,2,1,0,182,20343
mumer,NC_002695.2,CP041955.1,2,7,56,350,39460
mumer,NC_002695.2,CP041955.1,2,0,0,19,335
mumer,NC_002695.2,CP041955.1,2,0,1,20,340
mumer,NC_002695.2,CP041955.1,2,0,0,3,131
mumer,NC_002695.2,CP041955.1,2,0,0,4,131
mumer,NC_002695.2,CP041955.1,2,0,0,3,131
mumer,NC_002695.2,CP041955.1,2,0,0,4,131
mumer,NC_002695.2,CP041955.1,2,6,3,33,5223
mumer,NC_002695.2,CP041955.1,2,4,1,25,2505
mumer,NC_002695.2,CP041955.1,2,3,2,23,3702
mumer,NC_002695.2,CP041955.1,2,1,1,13,1738
mumer,NC_002695.2,CP041955.1,2,2,0,8,1742
mumer,NC_002695.2,CP041955.1,2,4,1,14,1744
mumer,NC_002695.2,CP041955.1,2,3,4,16,1836
mumer,NC_002695.2,CP041955.1,2,0,10,511,34816
mumer,NC_002695.2,CP041955.1,2,0,0,14,1186
mumer,NC_002695.2,CP041955.1,2,24,2,552,35265
mumer,NC_002695.2,CP041955.1,2,0,0,128,7835
mumer,NC_002695.2,CP041955.1,2,1,1,223,7950
mumer,NC_002695.2,CP041955.1,2,2,0,120,11878
mumer,NC_002695.2,CP041955.1,2,0,2,126,5907
mumer,NC_002695.2,CP041955.1,2,1,4,250,7468
mumer,NC_002695.2,CP041955.1,2,0,0,157,5647
mumer,NC_002695.2,CP041955.1,2,0,3,251,14359
mumer,NC_002695.2,CP041955.1,2,0,0,178,6039
mumer,NC_002695.2,CP041955.1,2,3,14,416,13516
mumer,NC_002695.2,CP041955.1,2,8,8,443,14694
mumer,NC_002695.2,CP041955.1,2,10,22,640,50700
mumer,NC_002695.2,CP041955.1,2,3,3,65,1507
mumer,NC_002695.2,CP041955.1,2,0,2,73,4408
mumer,NC_002695.2,CP041955.1,2,88,45,424,29611
mumer,NC_002695.2,CP041955.1,2,0,0,4,116
mumer,NC_002695.2,CP041955.1,2,0,0,21,190
mumer,NC_002695.2,CP041955.1,2,0,0,115,5524
mumer,NC_002695.2,CP041955.1,2,1,1,145,9273
mumer,NC_002695.2,CP041955.1,2,0,0,85,3849
mumer,NC_002695.2,CP041955.1,2,0,0,21,1022
mumer,NC_002695.2,CP041955.1,2,0,0,10,442
mumer,NC_002695.2,CP041955.1,2,0,1,25,631
mumer,NC_002695.2,CP041955.1,2,1,0,39,6385
mumer,NC_002695.2,CP041955.1,2,0,0,57,2689
mumer,NC_002695.2,CP041955.1,2,12,1,262,15531
mumer,NC_002695.2,CP041955.1,2,0,0,28,975
mumer,NC_002695.2,CP041955.1,2,0,0,78,1931
mumer,NC_002695.2,CP041955.1,2,4,3,115,9332
mumer,NC_002695.2,CP041955.1,2,0,0,2,90
mumer,NC_002695.2,CP041955.1,2,0,0,126,9278
mumer,NC_002695.2,CP041955.1,2,1,1,135,8989
mumer,NC_002695.2,CP041955.1,2,1,0,129,1232
mumer,NC_002695.2,CP041955.1,2,24,6,283,2428
mumer,NC_002695.2,CP041955.1,2,1,2,69,743
mumer,NC_002695.2,CP041955.1,2,3,3,199,3871
mumer,NC_002695.2,CP041955.1,2,6,2,224,8918
mumer,NC_002695.2,CP041955.1,2,1,2,216,10603
mumer,NC_002695.2,CP041955.1,2,0,1,168,9144
mumer,NC_002695.2,CP041955.1,2,0,0,134,8387
mumer,NC_002695.2,CP041955.1,2,0,0,9,101
mumer,NC_002695.2,CP041955.1,2,0,0,72,4463
mumer,NC_002695.2,CP041955.1,2,5,6,251,8606
mumer,NC_002695.2,CP041955.1,2,0,0,97,4765
mumer,NC_002695.2,CP041955.1,2,51,5,879,70974
mumer,NC_002695.2,CP041955.1,2,2,2,11,1963
mumer,NC_002695.2,CP041955.1,2,1,0,10,1968
mumer,NC_002695.2,CP041955.1,2,2,3,23,1938
mumer,NC_002695.2,CP041955.1,2,0,27,349,17630
mumer,NC_002695.2,CP041955.1,2,0,0,26,2085
mumer,NC_002695.2,CP041955.1,2,2,1,322,24018
mumer,NC_002695.2,CP041955.1,2,2,6,199,11576
mumer,NC_002695.2,CP041955.1,2,5,12,49,5327
mumer,NC_002695.2,CP041955.1,2,5,3,40,5332
mumer,NC_002695.2,CP041955.1,2,54,11,203,15672
mumer,NC_002695.2,CP041955.1,2,2,1,330,12416
mumer,NC_002695.2,CP041955.1,2,0,0,11,264
mumer,NC_002695.2,CP041955.1,2,72,0,219,9426
mumer,NC_002695.2,CP041955.1,2,14,21,311,14064
mumer,NC_002695.2,CP041955.1,2,9,9,236,1284
mumer,NC_002695.2,CP041955.1,2,0,0,59,1320
mumer,NC_002695.2,CP041955.1,2,0,0,6,133
mumer,NC_002695.2,CP041955.1,2,0,0,4,133
mumer,NC_002695.2,CP041955.1,2,0,1,150,11805
mumer,NC_002695.2,CP041955.1,2,1,96,130,12509
mumer,NC_002695.2,CP041955.1,2,0,1,150,8432
mumer,NC_002695.2,CP041955.1,2,0,33,70,3717
mumer,NC_002695.2,CP041955.1,2,1,1,23,1023
mumer,NC_002695.2,CP041955.1,2,0,2,34,639
mumer,NC_002695.2,CP041955.1,2,1,2,568,25394
mumer,NC_002695.2,CP041955.1,2,0,0,119,7318
mumer,NC_002695.2,CP041955.1,2,1,3,99,7287
mumer,NC_002695.2,CP041955.1,2,2,5,26,1960
mumer,NC_002695.2,CP041955.1,2,9,7,56,5408
mumer,NC_002695.2,CP041955.1,2,2,6,35,1941
mumer,NC_002695.2,CP041955.1,2,0,2,80,7722
mumer,NC_002695.2,CP041955.1,2,0,0,2,85
mumer,NC_002695.2,CP041955.1,2,0,0,2,85
mumer,NC_002695.2,CP041955.1,2,0,0,13,1186
mumer,NC_002695.2,CP041955.1,2,71,0,229,22268
mumer,NC_002695.2,CP041955.1,2,12,5,205,10653
mumer,NC_002695.2,CP041955.1,2,1,2,11,1902
mumer,NC_002695.2,CP041955.1,2,0,1,90,4887
mumer,NC_002695.2,CP041955.1,2,0,0,285,11807
mumer,NC_002695.2,CP041955.1,2,0,0,27,906
mumer,NC_002695.2,CP041955.1,2,3,17,228,18012
mumer,NC_002695.2,CP041955.1,2,45,9,594,25254
mumer,NC_002695.2,CP041955.1,2,3,4,377,21221
mumer,NC_002695.2,CP041955.1,2,0,0,157,10325
mumer,NC_002695.2,CP041955.1,2,70,1,181,5140
mumer,NC_002695.2,CP041955.1,2,9,2,241,6960
mumer,NC_002695.2,CP041955.1,2,0,0,4,133
mumer,NC_002695.2,CP041955.1,2,0,0,7,179
mumer,NC_002695.2,CP041955.1,2,11,3,475,48249
mumer,NC_002695.2,CP041955.1,2,3,3,17,182
mumer,NC_002695.2,CP041955.1,2,0,1,10,124
mumer,NC_002695.2,CP041955.1,2,7,0,100,10701
mumer,NC_002695.2,CP041955.1,2,0,0,130,6425
mumer,NC_002695.2,CP041955.1,2,0,0,240,17542
mumer,NC_002695.2,CP041955.1,2,0,1,166,8919
mumer,NC_002695.2,CP041955.1,2,3,1,208,4313
mumer,NC_002695.2,CP041955.1,2,32,113,749,36670
mumer,NC_002695.2,CP041955.1,2,0,0,42,1753
mumer,NC_002695.2,CP041955.1,2,6,39,272,16608
mumer,NC_002695.2,CP041955.1,2,0,0,64,490
mumer,NC_002695.2,CP041955.1,2,2,3,148,7161
mumer,NC_002695.2,CP041955.1,2,2,42,194,5772
mumer,NC_002695.2,CP041955.1,2,0,0,38,1301
mumer,NC_002695.2,CP041955.1,2,0,0,42,391
mumer,NC_002695.2,CP041955.1,2,1,0,9,191
mumer,NC_002695.2,CP041955.1,2,72,3,23,540
mumer,NC_002695.2,CP041955.1,2,0,2,107,4135
mumer,NC_002695.2,CP041955.1,2,2,47,235,11872
mumer,NC_002695.2,CP041955.1,2,7,7,345,1978
mumer,NC_002695.2,CP041955.1,2,9,0,190,5065
mumer,NC_002695.2,CP041955.1,2,0,0,47,3554
mumer,NC_002695.2,CP041955.1,2,4,4,224,14582
mumer,NC_002695.2,CP041955.1,2,4,3,11,273
mumer,NC_002695.2,CP041955.1,2,0,0,1,88
mumer,NC_002695.2,CP041955.1,2,0,0,0,89
mumer,NC_002695.2,CP041955.1,2,0,0,128,7775
mumer,NC_002695.2,CP041955.1,2,25,2,426,26150
mumer,NC_002695.2,CP041955.1,2,0,0,9,182
mumer,NC_002695.2,CP041955.1,2,0,0,47,474
mumer,NC_002695.2,CP041955.1,2,0,0,4,222
mumer,NC_002695.2,CP041955.1,2,0,0,16,298
mumer,NC_002695.2,CP041955.1,2,0,0,23,224
mumer,NC_002695.2,CP041955.1,2,0,0,65,1240
mumer,NC_002695.2,CP041955.1,2,0,0,64,1235
mumer,NC_002695.2,CP041955.1,2,3567,2822,89250,4486320
mumer,NC_004431.1,CP041955.1,3,7,6,132,5263
mumer,NC_004431.1,CP041955.1,3,0,0,67,4256
mumer,NC_004431.1,CP041955.1,3,0,0,9,146
mumer,NC_004431.1,CP041955.1,3,0,0,8,136
mumer,NC_004431.1,CP041955.1,3,1,1,10,151
mumer,NC_004431.1,CP041955.1,3,1,0,14,149
mumer,NC_004431.1,CP041955.1,3,5,1,109,5466
mumer,NC_004431.1,CP041955.1,3,1,3,25,445
mumer,NC_004431.1,CP041955.1,3,4,2,242,2364
mumer,NC_004431.1,CP041955.1,3,2,2,225,7423
mumer,NC_004431.1,CP041955.1,3,30,15,549,22101
mumer,NC_004431.1,CP041955.1,3,0,0,147,7779
mumer,NC_004431.1,CP041955.1,3,1,1,185,6143
mumer,NC_004431.1,CP041955.1,3,0,0,175,5410
mumer,NC_004431.1,CP041955.1,3,4,4,269,6385
mumer,NC_004431.1,CP041955.1,3,17,0,738,32653
mumer,NC_004431.1,CP041955.1,3,3,2,224,10032
mumer,NC_004431.1,CP041955.1,3,0,1,80,5787
mumer,NC_004431.1,CP041955.1,3,0,0,20,1496
mumer,NC_004431.1,CP041955.1,3,1,0,56,374
mumer,NC_004431.1,CP041955.1,3,3,26,304,8846
mumer,NC_004431.1,CP041955.1,3,0,48,256,9112
mumer,NC_004431.1,CP041955.1,3,8,15,185,2237
mumer,NC_004431.1,CP041955.1,3,6,6,170,829
mumer,NC_004431.1,CP041955.1,3,17,25,801,4505
mumer,NC_004431.1,CP041955.1,3,0,0,238,7222
mumer,NC_004431.1,CP041955.1,3,1,0,171,3885
mumer,NC_004431.1,CP041955.1,3,0,0,234,4598
mumer,NC_004431.1,CP041955.1,3,0,0,142,8750
mumer,NC_004431.1,CP041955.1,3,36,0,42,1897
mumer,NC_004431.1,CP041955.1,3,0,0,100,5518
mumer,NC_004431.1,CP041955.1,3,0,0,10,1892
mumer,NC_004431.1,CP041955.1,3,3,4,506,23230
mumer,NC_004431.1,CP041955.1,3,6,2,192,9192
mumer,NC_004431.1,CP041955.1,3,1,0,10,1754
mumer,NC_004431.1,CP041955.1,3,1,1,21,1754
mumer,NC_004431.1,CP041955.1,3,3,2,23,1834
mumer,NC_004431.1,CP041955.1,3,2,11,34,3247
mumer,NC_004431.1,CP041955.1,3,10,2,34,3255
mumer,NC_004431.1,CP041955.1,3,4,2,20,1456
mumer,NC_004431.1,CP041955.1,3,5,3,89,6461
mumer,NC_004431.1,CP041955.1,3,7,3,34,3376
mumer,NC_004431.1,CP041955.1,3,2,11,39,3377
mumer,NC_004431.1,CP041955.1,3,2,0,24,2504
mumer,NC_004431.1,CP041955.1,3,1,1,92,5074
mumer,NC_004431.1,CP041955.1,3,0,0,28,370
mumer,NC_004431.1,CP041955.1,3,0,0,26,340
mumer,NC_004431.1,CP041955.1,3,0,0,104,950
mumer,NC_004431.1,CP041955.1,3,2,1,28,377
mumer,NC_004431.1,CP041955.1,3,6,5,54,1239
mumer,NC_004431.1,CP041955.1,3,5,5,95,2571
mumer,NC_004431.1,CP041955.1,3,0,0,52,1186
mumer,NC_004431.1,CP041955.1,3,1,13,108,983
mumer,NC_004431.1,CP041955.1,3,9,22,302,4500
mumer,NC_004431.1,CP041955.1,3,1,2,18,251
mumer,NC_004431.1,CP041955.1,3,1,2,16,251
mumer,NC_004431.1,CP041955.1,3,1,1,10,293
mumer,NC_004431.1,CP041955.1,3,0,1,11,292
mumer,NC_004431.1,CP041955.1,3,2,5,85,1180
mumer,NC_004431.1,CP041955.1,3,0,0,2,78
mumer,NC_004431.1,CP041955.1,3,2,2,44,443
mumer,NC_004431.1,CP041955.1,3,1,0,39,423
mumer,NC_004431.1,CP041955.1,3,11,0,49,899
mumer,NC_004431.1,CP041955.1,3,2,10,163,9916
mumer,NC_004431.1,CP041955.1,3,3,0,16,140
mumer,NC_004431.1,CP041955.1,3,2,2,105,906
mumer,NC_004431.1,CP041955.1,3,2,1,3,527
mumer,NC_004431.1,CP041955.1,3,2,0,54,757
mumer,NC_004431.1,CP041955.1,3,2,1,44,552
mumer,NC_004431.1,CP041955.1,3,1,0,181,6583
mumer,NC_004431.1,CP041955.1,3,1,0,56,755
mumer,NC_004431.1,CP041955.1,3,0,0,155,3592
mumer,NC_004431.1,CP041955.1,3,1,0,27,628
mumer,NC_004431.1,CP041955.1,3,0,0,2,223
mumer,NC_004431.1,CP041955.1,3,0,1,230,8497
mumer,NC_004431.1,CP041955.1,3,0,0,11,151
mumer,NC_004431.1,CP041955.1,3,11,5,363,10982
mumer,NC_004431.1,CP041955.1,3,4,3,268,4788
mumer,NC_004431.1,CP041955.1,3,1,6,64,1122
mumer,NC_004431.1,CP041955.1,3,2,3,204,8039
mumer,NC_004431.1,CP041955.1,3,16,7,732,18704
mumer,NC_004431.1,CP041955.1,3,3,6,202,4695
mumer,NC_004431.1,CP041955.1,3,0,0,3,100
mumer,NC_004431.1,CP041955.1,3,8,3,278,7697
mumer,NC_004431.1,CP041955.1,3,0,0,2,100
mumer,NC_004431.1,CP041955.1,3,1,2,177,6391
mumer,NC_004431.1,CP041955.1,3,1,4,96,3320
mumer,NC_004431.1,CP041955.1,3,3,2,177,3664
mumer,NC_004431.1,CP041955.1,3,67,1,210,4897
mumer,NC_004431.1,CP041955.1,3,0,0,7,248
mumer,NC_004431.1,CP041955.1,3,4,2,296,12957
mumer,NC_004431.1,CP041955.1,3,8,29,490,19074
mumer,NC_004431.1,CP041955.1,3,1,2,111,6024
mumer,NC_004431.1,CP041955.1,3,1,1,213,7054
mumer,NC_004431.1,CP041955.1,3,4,15,520,30010
mumer,NC_004431.1,CP041955.1,3,1,2,632,29557
mumer,NC_004431.1,CP041955.1,3,4,1,228,10165
mumer,NC_004431.1,CP041955.1,3,0,0,5,347
mumer,NC_004431.1,CP041955.1,3,0,1,167,5570
mumer,NC_004431.1,CP041955.1,3,0,1,228,8406
mumer,NC_004431.1,CP041955.1,3,1,3,415,12947
mumer,NC_004431.1,CP041955.1,3,63,1,280,10000
mumer,NC_004431.1,CP041955.1,3,0,1,123,4602
mumer,NC_004431.1,CP041955.1,3,0,0,11,183
mumer,NC_004431.1,CP041955.1,3,0,0,34,923
mumer,NC_004431.1,CP041955.1,3,1,1,243,9892
mumer,NC_004431.1,CP041955.1,3,0,82,186,8407
mumer,NC_004431.1,CP041955.1,3,1,2,9,118
mumer,NC_004431.1,CP041955.1,3,3,2,72,1822
mumer,NC_004431.1,CP041955.1,3,0,0,320,8633
mumer,NC_004431.1,CP041955.1,3,0,0,269,6288
mumer,NC_004431.1,CP041955.1,3,1,1,230,7293
mumer,NC_004431.1,CP041955.1,3,83,6,546,9711
mumer,NC_004431.1,CP041955.1,3,5,4,361,16960
mumer,NC_004431.1,CP041955.1,3,0,0,3,152
mumer,NC_004431.1,CP041955.1,3,2,3,243,14301
mumer,NC_004431.1,CP041955.1,3,1,1,143,4510
mumer,NC_004431.1,CP041955.1,3,4,3,268,10034
mumer,NC_004431.1,CP041955.1,3,0,0,160,6424
mumer,NC_004431.1,CP041955.1,3,7,0,43,1790
mumer,NC_004431.1,CP041955.1,3,0,2,165,7267
mumer,NC_004431.1,CP041955.1,3,0,0,86,2833
mumer,NC_004431.1,CP041955.1,3,2,2,101,622
mumer,NC_004431.1,CP041955.1,3,0,0,12,139
mumer,NC_004431.1,CP041955.1,3,1,2,321,8345
mumer,NC_004431.1,CP041955.1,3,1,1,139,1939
mumer,NC_004431.1,CP041955.1,3,2,1,299,7288
mumer,NC_004431.1,CP041955.1,3,2,1,115,5397
mumer,NC_004431.1,CP041955.1,3,0,61,90,4434
mumer,NC_004431.1,CP041955.1,3,0,0,46,2184
mumer,NC_004431.1,CP041955.1,3,0,1,124,9259
mumer,NC_004431.1,CP041955.1,3,0,0,0,207
mumer,NC_004431.1,CP041955.1,3,0,0,3,231
mumer,NC_004431.1,CP041955.1,3,2,27,21,347
mumer,NC_004431.1,CP041955.1,3,0,0,3,115
mumer,NC_004431.1,CP041955.1,3,0,1,90,2464
mumer,NC_004431.1,CP041955.1,3,4,12,517,21098
mumer,NC_004431.1,CP041955.1,3,0,0,0,128
mumer,NC_004431.1,CP041955.1,3,0,0,1,126
mumer,NC_004431.1,CP041955.1,3,0,0,47,1926
mumer,NC_004431.1,CP041955.1,3,0,0,290,7655
mumer,NC_004431.1,CP041955.1,3,4,4,552,16962
mumer,NC_004431.1,CP041955.1,3,1,0,171,6274
mumer,NC_004431.1,CP041955.1,3,1,0,204,6358
mumer,NC_004431.1,CP041955.1,3,2,4,260,11979
mumer,NC_004431.1,CP041955.1,3,1,11,660,28752
mumer,NC_004431.1,CP041955.1,3,11,9,283,11680
mumer,NC_004431.1,CP041955.1,3,75,64,1212,47306
mumer,NC_004431.1,CP041955.1,3,1,0,18,274
mumer,NC_004431.1,CP041955.1,3,4,5,779,34037
mumer,NC_004431.1,CP041955.1,3,2,1,183,8738
mumer,NC_004431.1,CP041955.1,3,0,1,219,4275
mumer,NC_004431.1,CP041955.1,3,1,0,78,3015
mumer,NC_004431.1,CP041955.1,3,2,15,486,24350
mumer,NC_004431.1,CP041955.1,3,0,0,237,9531
mumer,NC_004431.1,CP041955.1,3,2,1,340,11564
mumer,NC_004431.1,CP041955.1,3,6,4,37,1539
mumer,NC_004431.1,CP041955.1,3,13,2,106,3134
mumer,NC_004431.1,CP041955.1,3,0,0,344,12336
mumer,NC_004431.1,CP041955.1,3,10,17,313,12963
mumer,NC_004431.1,CP041955.1,3,0,0,9,116
mumer,NC_004431.1,CP041955.1,3,1,5,134,7245
mumer,NC_004431.1,CP041955.1,3,0,0,3,75
mumer,NC_004431.1,CP041955.1,3,2,4,74,959
mumer,NC_004431.1,CP041955.1,3,0,1,26,775
mumer,NC_004431.1,CP041955.1,3,0,0,7,330
mumer,NC_004431.1,CP041955.1,3,4,4,216,1395
mumer,NC_004431.1,CP041955.1,3,13,5,42,474
mumer,NC_004431.1,CP041955.1,3,13,8,76,618
mumer,NC_004431.1,CP041955.1,3,0,2,34,553
mumer,NC_004431.1,CP041955.1,3,0,0,30,742
mumer,NC_004431.1,CP041955.1,3,1,2,93,653
mumer,NC_004431.1,CP041955.1,3,2,6,181,2232
mumer,NC_004431.1,CP041955.1,3,1,1,59,517
mumer,NC_004431.1,CP041955.1,3,0,0,7,1102
mumer,NC_004431.1,CP041955.1,3,1,1,0,527
mumer,NC_004431.1,CP041955.1,3,0,0,0,797
mumer,NC_004431.1,CP041955.1,3,1,0,39,963
mumer,NC_004431.1,CP041955.1,3,0,0,39,971
mumer,NC_004431.1,CP041955.1,3,2,2,73,1084
mumer,NC_004431.1,CP041955.1,3,2,2,68,1087
mumer,NC_004431.1,CP041955.1,3,1,15,139,1158
mumer,NC_004431.1,CP041955.1,3,2,15,87,984
mumer,NC_004431.1,CP041955.1,3,81,6,107,2337
mumer,NC_004431.1,CP041955.1,3,6,1,46,960
mumer,NC_004431.1,CP041955.1,3,0,4,15,274
mumer,NC_004431.1,CP041955.1,3,0,0,9,242
mumer,NC_004431.1,CP041955.1,3,0,0,16,242
mumer,NC_004431.1,CP041955.1,3,0,0,54,514
mumer,NC_004431.1,CP041955.1,3,1,12,189,1727
mumer,NC_004431.1,CP041955.1,3,0,3,199,6949
mumer,NC_004431.1,CP041955.1,3,14,14,857,41421
mumer,NC_004431.1,CP041955.1,3,8,25,349,23338
mumer,NC_004431.1,CP041955.1,3,6,5,531,20721
mumer,NC_004431.1,CP041955.1,3,0,0,3,156
mumer,NC_004431.1,CP041955.1,3,9,2,107,4062
mumer,NC_004431.1,CP041955.1,3,0,0,111,1078
mumer,NC_004431.1,CP041955.1,3,0,1,30,1307
mumer,NC_004431.1,CP041955.1,3,1,2,13,726
mumer,NC_004431.1,CP041955.1,3,5,2,17,262
mumer,NC_004431.1,CP041955.1,3,0,1,48,1896
mumer,NC_004431.1,CP041955.1,3,0,1,61,825
mumer,NC_004431.1,CP041955.1,3,0,1,48,667
mumer,NC_004431.1,CP041955.1,3,2,2,21,264
mumer,NC_004431.1,CP041955.1,3,3,3,160,1039
mumer,NC_004431.1,CP041955.1,3,3,3,146,1039
mumer,NC_004431.1,CP041955.1,3,1,1,99,1123
mumer,NC_004431.1,CP041955.1,3,2,0,94,670
mumer,NC_004431.1,CP041955.1,3,0,0,20,160
mumer,NC_004431.1,CP041955.1,3,0,0,21,160
mumer,NC_004431.1,CP041955.1,3,1,1,118,6059
mumer,NC_004431.1,CP041955.1,3,0,2,172,8118
mumer,NC_004431.1,CP041955.1,3,0,0,53,970
mumer,NC_004431.1,CP041955.1,3,2,0,61,910
mumer,NC_004431.1,CP041955.1,3,2,2,88,1499
mumer,NC_004431.1,CP041955.1,3,1,1,109,1550
mumer,NC_004431.1,CP041955.1,3,0,1,145,3404
mumer,NC_004431.1,CP041955.1,3,0,0,153,3333
mumer,NC_004431.1,CP041955.1,3,0,3,14,165
mumer,NC_004431.1,CP041955.1,3,3,5,181,4848
mumer,NC_004431.1,CP041955.1,3,5,1,101,2546
mumer,NC_004431.1,CP041955.1,3,0,0,8,232
mumer,NC_004431.1,CP041955.1,3,1,21,163,7967
mumer,NC_004431.1,CP041955.1,3,1,0,42,356
mumer,NC_004431.1,CP041955.1,3,1,0,16,355
mumer,NC_004431.1,CP041955.1,3,3,1,105,5112
mumer,NC_004431.1,CP041955.1,3,0,0,61,4248
mumer,NC_004431.1,CP041955.1,3,0,0,139,4726
mumer,NC_004431.1,CP041955.1,3,1,0,139,7242
mumer,NC_004431.1,CP041955.1,3,0,4,298,12836
mumer,NC_004431.1,CP041955.1,3,13,7,176,9206
mumer,NC_004431.1,CP041955.1,3,1,5,30,477
mumer,NC_004431.1,CP041955.1,3,0,0,195,7050
mumer,NC_004431.1,CP041955.1,3,0,0,42,255
mumer,NC_004431.1,CP041955.1,3,2,2,85,468
mumer,NC_004431.1,CP041955.1,3,0,0,10,203
mumer,NC_004431.1,CP041955.1,3,2,1,7,323
mumer,NC_004431.1,CP041955.1,3,0,0,8,203
mumer,NC_004431.1,CP041955.1,3,3,1,112,6899
mumer,NC_004431.1,CP041955.1,3,5,2,355,19174
mumer,NC_004431.1,CP041955.1,3,6,2,480,14359
mumer,NC_004431.1,CP041955.1,3,0,0,81,4648
mumer,NC_004431.1,CP041955.1,3,21,1,296,16108
mumer,NC_004431.1,CP041955.1,3,0,0,137,6068
mumer,NC_004431.1,CP041955.1,3,62,13,876,23986
mumer,NC_004431.1,CP041955.1,3,0,0,130,8414
mumer,NC_004431.1,CP041955.1,3,1,2,48,330
mumer,NC_004431.1,CP041955.1,3,0,0,112,5973
mumer,NC_004431.1,CP041955.1,3,1,0,275,11158
mumer,NC_004431.1,CP041955.1,3,10,8,255,1926
mumer,NC_004431.1,CP041955.1,3,2,14,272,2272
mumer,NC_004431.1,CP041955.1,3,5,4,526,14509
mumer,NC_004431.1,CP041955.1,3,0,1,179,9496
mumer,NC_004431.1,CP041955.1,3,0,0,91,4333
mumer,NC_004431.1,CP041955.1,3,0,1,276,9410
mumer,NC_004431.1,CP041955.1,3,0,0,9,149
mumer,NC_004431.1,CP041955.1,3,0,4,200,5985
mumer,NC_004431.1,CP041955.1,3,0,1,9,135
mumer,NC_004431.1,CP041955.1,3,0,0,10,130
mumer,NC_004431.1,CP041955.1,3,0,0,12,155
mumer,NC_004431.1,CP041955.1,3,2,5,175,2912
mumer,NC_004431.1,CP041955.1,3,0,13,285,7959
mumer,NC_004431.1,CP041955.1,3,0,0,44,255
mumer,NC_004431.1,CP041955.1,3,4,1,149,6301
mumer,NC_004431.1,CP041955.1,3,9,9,240,1284
mumer,NC_004431.1,CP041955.1,3,1,1,138,4311
mumer,NC_004431.1,CP041955.1,3,0,2,69,2667
mumer,NC_004431.1,CP041955.1,3,4,23,531,22917
mumer,NC_004431.1,CP041955.1,3,3,3,72,1507
mumer,NC_004431.1,CP041955.1,3,1,0,14,235
mumer,NC_004431.1,CP041955.1,3,0,4,76,1851
mumer,NC_004431.1,CP041955.1,3,11,1,141,4668
mumer,NC_004431.1,CP041955.1,3,0,0,119,3955
mumer,NC_004431.1,CP041955.1,3,1,1,91,3351
mumer,NC_004431.1,CP041955.1,3,1,2,88,3947
mumer,NC_004431.1,CP041955.1,3,14,4,920,45695
mumer,NC_004431.1,CP041955.1,3,1,16,792,37662
mumer,NC_004431.1,CP041955.1,3,90,17,782,35230
mumer,NC_004431.1,CP041955.1,3,5,5,713,34999
mumer,NC_004431.1,CP041955.1,3,7,5,156,7571
mumer,NC_004431.1,CP041955.1,3,0,0,85,2680
mumer,NC_004431.1,CP041955.1,3,4,2,799,27030
mumer,NC_004431.1,CP041955.1,3,0,5,764,35912
mumer,NC_004431.1,CP041955.1,3,1,0,10,164
mumer,NC_004431.1,CP041955.1,3,13,15,1264,61840
mumer,NC_004431.1,CP041955.1,3,0,0,355,13053
mumer,NC_004431.1,CP041955.1,3,1,0,78,2376
mumer,NC_004431.1,CP041955.1,3,0,7,96,4484
mumer,NC_004431.1,CP041955.1,3,4,5,597,27917
mumer,NC_004431.1,CP041955.1,3,0,0,0,76
mumer,NC_004431.1,CP041955.1,3,0,0,0,76
mumer,NC_004431.1,CP041955.1,3,0,0,0,76
mumer,NC_004431.1,CP041955.1,3,0,0,50,2844
mumer,NC_004431.1,CP041955.1,3,0,2,216,7430
mumer,NC_004431.1,CP041955.1,3,3,26,504,21630
mumer,NC_004431.1,CP041955.1,3,1,5,227,6815
mumer,NC_004431.1,CP041955.1,3,0,0,17,461
mumer,NC_004431.1,CP041955.1,3,0,0,18,1158
mumer,NC_004431.1,CP041955.1,3,9,0,15,332
mumer,NC_004431.1,CP041955.1,3,1,0,21,475
mumer,NC_004431.1,CP041955.1,3,3,0,106,1616
mumer,NC_004431.1,CP041955.1,3,3,0,94,5634
mumer,NC_004431.1,CP041955.1,3,0,0,8,372
mumer,NC_004431.1,CP041955.1,3,0,0,73,4314
mumer,NC_004431.1,CP041955.1,3,0,0,1,104
mumer,NC_004431.1,CP041955.1,3,0,0,12,231
mumer,NC_004431.1,CP041955.1,3,0,0,55,4434
mumer,NC_004431.1,CP041955.1,3,1,7,191,1798
mumer,NC_004431.1,CP041955.1,3,0,0,121,2529
mumer,NC_004431.1,CP041955.1,3,1,0,22,295
mumer,NC_004431.1,CP041955.1,3,0,1,34,565
mumer,NC_004431.1,CP041955.1,3,1,0,41,1367
mumer,NC_004431.1,CP041955.1,3,0,3,34,1756
mumer,NC_004431.1,CP041955.1,3,2,0,10,655
mumer,NC_004431.1,CP041955.1,3,0,2,3,1461
mumer,NC_004431.1,CP041955.1,3,0,0,6,1460
mumer,NC_004431.1,CP041955.1,3,1,0,6,1461
mumer,NC_004431.1,CP041955.1,3,0,0,6,1459
mumer,NC_004431.1,CP041955.1,3,1,0,62,692
mumer,NC_004431.1,CP041955.1,3,0,0,48,373
mumer,NC_004431.1,CP041955.1,3,1,0,15,292
mumer,NC_004431.1,CP041955.1,3,1,1,19,250
mumer,NC_004431.1,CP041955.1,3,1,1,15,250
mumer,NC_004431.1,CP041955.1,3,5,5,207,4448
mumer,NC_004431.1,CP041955.1,3,1,20,157,2336
mumer,NC_004431.1,CP041955.1,3,105,10,157,2777
mumer,NC_004431.1,CP041955.1,3,16,1,154,2256
mumer,NC_004431.1,CP041955.1,3,12,0,31,438
mumer,NC_004431.1,CP041955.1,3,0,0,10,158
mumer,NC_004431.1,CP041955.1,3,0,1,33,2613
mumer,NC_004431.1,CP041955.1,3,1,1,54,2900
mumer,NC_004431.1,CP041955.1,3,1,0,339,11483
mumer,NC_004431.1,CP041955.1,3,2,2,50,331
mumer,NC_004431.1,CP041955.1,3,0,0,68,1588
mumer,NC_004431.1,CP041955.1,3,0,0,35,3985
mumer,NC_004431.1,CP041955.1,3,14,66,410,9462
mumer,NC_004431.1,CP041955.1,3,1,1,595,12243
mumer,NC_004431.1,CP041955.1,3,0,0,49,1778
mumer,NC_004431.1,CP041955.1,3,1,2,290,8066
mumer,NC_004431.1,CP041955.1,3,2,0,257,10066
mumer,NC_004431.1,CP041955.1,3,0,0,128,4012
mumer,NC_004431.1,CP041955.1,3,2,0,187,4226
mumer,NC_004431.1,CP041955.1,3,1,1,108,1576
mumer,NC_004431.1,CP041955.1,3,4,111,1194,30853
mumer,NC_004431.1,CP041955.1,3,0,0,78,4543
mumer,NC_004431.1,CP041955.1,3,0,0,105,2556
mumer,NC_004431.1,CP041955.1,3,1,15,348,15408
mumer,NC_004431.1,CP041955.1,3,0,0,22,374
mumer,NC_004431.1,CP041955.1,3,6,7,490,5251
mumer,NC_004431.1,CP041955.1,3,2,2,499,26676
mumer,NC_004431.1,CP041955.1,3,15,0,23,454
mumer,NC_004431.1,CP041955.1,3,5,51,1427,51498
mumer,NC_004431.1,CP041955.1,3,62,5,339,6185
mumer,NC_004431.1,CP041955.1,3,0,0,211,7773
mumer,NC_004431.1,CP041955.1,3,8,16,819,24744
mumer,NC_004431.1,CP041955.1,3,2,18,179,3435
mumer,NC_004431.1,CP041955.1,3,2,0,643,32628
mumer,NC_004431.1,CP041955.1,3,1,0,198,7385
mumer,NC_004431.1,CP041955.1,3,2,64,626,18245
mumer,NC_004431.1,CP041955.1,3,1,1,57,288
mumer,NC_004431.1,CP041955.1,3,4,6,245,5490
mumer,NC_004431.1,CP041955.1,3,0,0,0,66
mumer,NC_004431.1,CP041955.1,3,0,0,51,2180
mumer,NC_004431.1,CP041955.1,3,7,9,1102,35315
mumer,NC_004431.1,CP041955.1,3,7,19,708,21954
mumer,NC_004431.1,CP041955.1,3,0,0,0,116
mumer,NC_004431.1,CP041955.1,3,1,1,232,4980
mumer,NC_004431.1,CP041955.1,3,0,0,31,979
mumer,NC_004431.1,CP041955.1,3,2,0,141,2502
mumer,NC_004431.1,CP041955.1,3,37,16,1223,44630
mumer,NC_004431.1,CP041955.1,3,0,2,601,20725
mumer,NC_004431.1,CP041955.1,3,6,0,485,17667
mumer,NC_004431.1,CP041955.1,3,2,7,106,2698
mumer,NC_004431.1,CP041955.1,3,0,1,121,5857
mumer,NC_004431.1,CP041955.1,3,0,0,99,5352
mumer,NC_004431.1,CP041955.1,3,1,0,16,543
mumer,NC_004431.1,CP041955.1,3,1,1,389,10292
mumer,NC_004431.1,CP041955.1,3,4,24,705,30039
mumer,NC_004431.1,CP041955.1,3,15,22,629,31894
mumer,NC_004431.1,CP041955.1,3,23,101,50,5276
mumer,NC_004431.1,CP041955.1,3,2,3,23,3244
mumer,NC_004431.1,CP041955.1,3,2,2,17,541
mumer,NC_004431.1,CP041955.1,3,14,4,24,3255
mumer,NC_004431.1,CP041955.1,3,4,3,19,1491
mumer,NC_004431.1,CP041955.1,3,21,102,52,5460
mumer,NC_004431.1,CP041955.1,3,16,14,48,4708
mumer,NC_004431.1,CP041955.1,3,3,11,17,1932
mumer,NC_004431.1,CP041955.1,3,2,11,16,1748
mumer,NC_004431.1,CP041955.1,3,4,11,17,1750
mumer,NC_004431.1,CP041955.1,3,6,2,324,9680
mumer,NC_004431.1,CP041955.1,3,1,0,7,723
mumer,NC_004431.1,CP041955.1,3,2,0,88,743
mumer,NC_004431.1,CP041955.1,3,1,1,203,4507
mumer,NC_004431.1,CP041955.1,3,1,1,158,3333
mumer,NC_004431.1,CP041955.1,3,2,1,123,1550
mumer,NC_004431.1,CP041955.1,3,3,2,86,1499
mumer,NC_004431.1,CP041955.1,3,0,0,54,561
mumer,NC_004431.1,CP041955.1,3,0,0,40,460
mumer,NC_004431.1,CP041955.1,3,0,0,71,1584
mumer,NC_004431.1,CP041955.1,3,0,0,19,809
mumer,NC_004431.1,CP041955.1,3,0,0,28,1127
mumer,NC_004431.1,CP041955.1,3,2,2,26,1296
mumer,NC_004431.1,CP041955.1,3,0,0,70,2085
mumer,NC_004431.1,CP041955.1,3,0,0,17,183
mumer,NC_004431.1,CP041955.1,3,3,0,383,11692
mumer,NC_004431.1,CP041955.1,3,1,4,359,13559
mumer,NC_004431.1,CP041955.1,3,0,0,64,3730
mumer,NC_004431.1,CP041955.1,3,4,1,20,436
mumer,NC_004431.1,CP041955.1,3,2,1,14,214
mumer,NC_004431.1,CP041955.1,3,0,0,3,300
mumer,NC_004431.1,CP041955.1,3,0,5,415,16594
mumer,NC_004431.1,CP041955.1,3,0,0,103,3198
mumer,NC_004431.1,CP041955.1,3,0,1,387,13866
mumer,NC_004431.1,CP041955.1,3,4,1,363,9993
mumer,NC_004431.1,CP041955.1,3,1,7,288,11124
mumer,NC_004431.1,CP041955.1,3,4,1,636,16137
mumer,NC_004431.1,CP041955.1,3,1,1,59,1139
mumer,NC_004431.1,CP041955.1,3,0,1,113,4814
mumer,NC_004431.1,CP041955.1,3,4,52,705,34499
mumer,NC_004431.1,CP041955.1,3,1,1,32,1662
mumer,NC_004431.1,CP041955.1,3,0,0,0,83
mumer,NC_004431.1,CP041955.1,3,0,1,633,28553
mumer,NC_004431.1,CP041955.1,3,0,0,234,10945
mumer,NC_004431.1,CP041955.1,3,1,1,423,13444
mumer,NC_004431.1,CP041955.1,3,0,1,524,21037
mumer,NC_004431.1,CP041955.1,3,0,0,226,8737
mumer,NC_004431.1,CP041955.1,3,0,0,86,2634
mumer,NC_004431.1,CP041955.1,3,42,2,443,15654
mumer,NC_004431.1,CP041955.1,3,10,2,74,3846
mumer,NC_004431.1,CP041955.1,3,1,0,45,3796
mumer,NC_004431.1,CP041955.1,3,0,0,33,1161
mumer,NC_004431.1,CP041955.1,3,0,0,123,3400
mumer,NC_004431.1,CP041955.1,3,2,0,174,4233
mumer,NC_004431.1,CP041955.1,3,2,14,209,10005
mumer,NC_004431.1,CP041955.1,3,87,2,394,16349
mumer,NC_004431.1,CP041955.1,3,0,0,12,238
mumer,NC_004431.1,CP041955.1,3,2,2,126,1299
mumer,NC_004431.1,CP041955.1,3,2,0,27,2458
mumer,NC_004431.1,CP041955.1,3,1,0,28,2457
mumer,NC_004431.1,CP041955.1,3,0,0,26,676
mumer,NC_004431.1,CP041955.1,3,0,0,11,306
mumer,NC_004431.1,CP041955.1,3,0,17,5,1209
mumer,NC_004431.1,CP041955.1,3,0,0,6,941
mumer,NC_004431.1,CP041955.1,3,1,0,5,827
mumer,NC_004431.1,CP041955.1,3,0,0,2,272
mumer,NC_004431.1,CP041955.1,3,0,0,2,269
mumer,NC_004431.1,CP041955.1,3,0,0,1,83
mumer,NC_004431.1,CP041955.1,3,0,0,6,1191
mumer,NC_004431.1,CP041955.1,3,1,0,0,182
mumer,NC_004431.1,CP041955.1,3,0,0,0,184
mumer,NC_004431.1,CP041955.1,3,1,0,19,516
mumer,NC_004431.1,CP041955.1,3,1,1,39,796
mumer,NC_004431.1,CP041955.1,3,0,0,0,65
mumer,NC_004431.1,CP041955.1,3,10,1,56,782
mumer,NC_004431.1,CP041955.1,3,8,0,56,778
mumer,NC_004431.1,CP041955.1,3,0,0,28,386
mumer,NC_004431.1,CP041955.1,3,0,0,19,9574
mumer,NC_004431.1,CP041955.1,3,0,0,16,209
mumer,NC_004431.1,CP041955.1,3,0,0,72,668
mumer,NC_004431.1,CP041955.1,3,0,0,75,1205
mumer,NC_004431.1,CP041955.1,3,0,0,17,419
mumer,NC_004431.1,CP041955.1,3,1,0,90,1545
mumer,NC_004431.1,CP041955.1,3,2,2,95,1415
mumer,NC_004431.1,CP041955.1,3,0,3,20,265
mumer,NC_004431.1,CP041955.1,3,8,9,58,612
mumer,NC_004431.1,CP041955.1,3,0,0,40,969
mumer,NC_004431.1,CP041955.1,3,1,0,34,970
mumer,NC_004431.1,CP041955.1,3,2,3,93,1175
mumer,NC_004431.1,CP041955.1,3,2,3,99,1175
mumer,NC_004431.1,CP041955.1,3,2,4,59,997
mumer,NC_004431.1,CP041955.1,3,0,0,42,1186
mumer,NC_004431.1,CP041955.1,3,7,6,88,1349
mumer,NC_004431.1,CP041955.1,3,0,0,52,1264
mumer,NC_004431.1,CP041955.1,3,2,2,109,1090
mumer,NC_004431.1,CP041955.1,3,4,1,249,2471
mumer,NC_004431.1,CP041955.1,3,1,6,168,1986
mumer,NC_004431.1,CP041955.1,3,0,0,28,218
mumer,NC_004431.1,CP041955.1,3,1,0,106,2130
mumer,NC_004431.1,CP041955.1,3,0,23,709,38244
mumer,NC_004431.1,CP041955.1,3,1,1,230,10378
mumer,NC_004431.1,CP041955.1,3,0,1,97,6565
mumer,NC_004431.1,CP041955.1,3,0,0,83,3443
mumer,NC_004431.1,CP041955.1,3,0,0,26,1084
mumer,NC_004431.1,CP041955.1,3,0,0,152,8074
mumer,NC_004431.1,CP041955.1,3,0,0,62,1706
mumer,NC_004431.1,CP041955.1,3,0,0,28,1256
mumer,NC_004431.1,CP041955.1,3,1,1,174,3192
mumer,NC_004431.1,CP041955.1,3,1,2,179,6048
mumer,NC_004431.1,CP041955.1,3,0,0,37,2160
mumer,NC_004431.1,CP041955.1,3,3,5,724,28049
mumer,NC_004431.1,CP041955.1,3,0,0,101,2769
mumer,NC_004431.1,CP041955.1,3,91,8,544,18130
mumer,NC_004431.1,CP041955.1,3,10,6,418,14646
mumer,NC_004431.1,CP041955.1,3,4,0,10,139
mumer,NC_004431.1,CP041955.1,3,2,0,408,16915
mumer,NC_004431.1,CP041955.1,3,0,0,61,2219
mumer,NC_004431.1,CP041955.1,3,1,1,161,6369
mumer,NC_004431.1,CP041955.1,3,2,4,582,30934
mumer,NC_004431.1,CP041955.1,3,0,0,0,77
mumer,NC_004431.1,CP041955.1,3,0,0,0,77
mumer,NC_004431.1,CP041955.1,3,0,0,0,77
mumer,NC_004431.1,CP041955.1,3,1,6,85,6275
mumer,NC_004431.1,CP041955.1,3,1,0,470,23814
mumer,NC_004431.1,CP041955.1,3,2,2,197,5489
mumer,NC_004431.1,CP041955.1,3,10,4,336,15888
mumer,NC_004431.1,CP041955.1,3,0,0,237,14923
mumer,NC_004431.1,CP041955.1,3,0,0,109,5311
mumer,NC_004431.1,CP041955.1,3,0,0,261,9214
mumer,NC_004431.1,CP041955.1,3,0,0,3,143
mumer,NC_004431.1,CP041955.1,3,4,0,13,539
mumer,NC_004431.1,CP041955.1,3,17,0,26,3252
mumer,NC_004431.1,CP041955.1,3,2,2,21,3273
mumer,NC_004431.1,CP041955.1,3,2,2,20,3315
mumer,NC_004431.1,CP041955.1,3,12,1,28,3330
mumer,NC_004431.1,CP041955.1,3,2,0,21,1466
mumer,NC_004431.1,CP041955.1,3,14,1,25,3254
mumer,NC_004431.1,CP041955.1,3,9,0,20,2477
mumer,NC_004431.1,CP041955.1,3,9,1,8,1766
mumer,NC_004431.1,CP041955.1,3,2,0,11,1949
mumer,NC_004431.1,CP041955.1,3,1,2,13,2039
mumer,NC_004431.1,CP041955.1,3,0,0,0,174
mumer,NC_004431.1,CP041955.1,3,4,27,1364,72552
mumer,NC_004431.1,CP041955.1,3,0,0,13,1753
mumer,NC_004431.1,CP041955.1,3,0,1,12,1832
mumer,NC_004431.1,CP041955.1,3,1,1,10,1742
mumer,NC_004431.1,CP041955.1,3,2,1,14,1755
mumer,NC_004431.1,CP041955.1,3,0,0,13,1186
mumer,NC_004431.1,CP041955.1,3,0,2,376,7555
mumer,NC_004431.1,CP041955.1,3,3,78,504,21888
mumer,NC_004431.1,CP041955.1,3,2,0,246,8718
mumer,NC_004431.1,CP041955.1,3,2,17,668,20086
mumer,NC_004431.1,CP041955.1,3,1,0,171,11536
mumer,NC_004431.1,CP041955.1,3,0,0,87,3070
mumer,NC_004431.1,CP041955.1,3,14,7,1056,28930
mumer,NC_004431.1,CP041955.1,3,8,0,356,10326
mumer,NC_004431.1,CP041955.1,3,0,1,178,5230
mumer,NC_004431.1,CP041955.1,3,0,4,53,2962
mumer,NC_004431.1,CP041955.1,3,3,3,97,492
mumer,NC_004431.1,CP041955.1,3,1,1,275,8567
mumer,NC_004431.1,CP041955.1,3,1,1,16,183
mumer,NC_004431.1,CP041955.1,3,17,2,98,1488
mumer,NC_004431.1,CP041955.1,3,3,0,31,1420
mumer,NC_004431.1,CP041955.1,3,31,7,1071,45059
mumer,NC_004431.1,CP041955.1,3,0,0,62,1454
mumer,NC_004431.1,CP041955.1,3,91,48,1118,42665
mumer,NC_004431.1,CP041955.1,3,4,4,559,5888
mumer,NC_004431.1,CP041955.1,3,0,0,50,1644
mumer,NC_004431.1,CP041955.1,3,2,3,191,5372
mumer,NC_004431.1,CP041955.1,3,0,0,97,4043
mumer,NC_004431.1,CP041955.1,3,4,4,125,2732
mumer,NC_004431.1,CP041955.1,3,6,0,196,3972
mumer,NC_004431.1,CP041955.1,3,1,3,448,12513
mumer,NC_004431.1,CP041955.1,3,0,0,95,1946
mumer,NC_004431.1,CP041955.1,3,3,3,216,9331
mumer,NC_004431.1,CP041955.1,3,0,0,269,9306
mumer,NC_004431.1,CP041955.1,3,1,1,142,4725
mumer,NC_004431.1,CP041955.1,3,4,2,172,7300
mumer,NC_004431.1,CP041955.1,3,8,0,70,771
mumer,NC_004431.1,CP041955.1,3,8,0,53,768
mumer,NC_004431.1,CP041955.1,3,8,0,52,770
mumer,NC_004431.1,CP041955.1,3,8,0,52,769
mumer,NC_004431.1,CP041955.1,3,8,0,27,768
mumer,NC_004431.1,CP041955.1,3,8,1,6,768
mumer,NC_004431.1,CP041955.1,3,8,0,4,770
mumer,NC_004431.1,CP041955.1,3,8,0,13,768
mumer,NC_004431.1,CP041955.1,3,8,0,68,768
mumer,NC_004431.1,CP041955.1,3,8,0,9,769
mumer,NC_004431.1,CP041955.1,3,8,1,67,768
mumer,NC_004431.1,CP041955.1,3,9,2,71,788
mumer,NC_004431.1,CP041955.1,3,8,0,68,768
mumer,NC_004431.1,CP041955.1,3,8,0,68,768
mumer,NC_004431.1,CP041955.1,3,8,0,68,768
mumer,NC_004431.1,CP041955.1,3,8,0,68,768
mumer,NC_004431.1,CP041955.1,3,8,0,68,768
mumer,NC_004431.1,CP041955.1,3,8,0,74,768
mumer,NC_004431.1,CP041955.1,3,8,0,72,769
mumer,NC_004431.1,CP041955.1,3,0,2,32,337
mumer,NC_004431.1,CP041955.1,3,0,0,7,1243
mumer,NC_004431.1,CP041955.1,3,0,0,6,1226
mumer,NC_004431.1,CP041955.1,3,0,0,10,159
mumer,NC_004431.1,CP041955.1,3,7,5,92,2092
mumer,NC_004431.1,CP041955.1,3,1,1,11,166
mumer,NC_004431.1,CP041955.1,3,2,3,75,916
mumer,NC_004431.1,CP041955.1,3,25,16,514,9946
mumer,NC_004431.1,CP041955.1,3,2,1,151,2317
mumer,NC_004431.1,CP041955.1,3,1,0,57,1188
mumer,NC_004431.1,CP041955.1,3,3,0,33,369
mumer,NC_004431.1,CP041955.1,3,4,2,110,1107
mumer,NC_004431.1,CP041955.1,3,4,0,9,1287
mumer,NC_004431.1,CP041955.1,3,0,0,87,1099
mumer,NC_004431.1,CP041955.1,3,8,7,451,12601
mumer,NC_004431.1,CP041955.1,3,0,0,67,2264
mumer,NC_004431.1,CP041955.1,3,0,0,48,2565
mumer,NC_004431.1,CP041955.1,3,0,0,120,4233
mumer,NC_004431.1,CP041955.1,3,1,4,361,10917
mumer,NC_004431.1,CP041955.1,3,0,1,151,7629
mumer,NC_004431.1,CP041955.1,3,0,0,9,101
mumer,NC_004431.1,CP041955.1,3,5,7,411,13218
mumer,NC_004431.1,CP041955.1,3,1,7,71,885
mumer,NC_004431.1,CP041955.1,3,5,1,306,9837
mumer,NC_004431.1,CP041955.1,3,110,10,1096,51297
mumer,NC_004431.1,CP041955.1,3,90,5,43,4729
mumer,NC_004431.1,CP041955.1,3,3,2,20,1955
mumer,NC_004431.1,CP041955.1,3,10,6,48,5065
mumer,NC_004431.1,CP041955.1,3,0,2,3,1689
mumer,NC_004431.1,CP041955.1,3,4,5,29,3376
mumer,NC_004431.1,CP041955.1,3,2,3,24,1457
mumer,NC_004431.1,CP041955.1,3,2,2,13,507
mumer,NC_004431.1,CP041955.1,3,5,41,889,33551
mumer,NC_004431.1,CP041955.1,3,0,0,0,89
mumer,NC_004431.1,CP041955.1,3,0,0,0,88
mumer,NC_004431.1,CP041955.1,3,0,0,1,87
mumer,NC_004431.1,CP041955.1,3,1,8,176,5970
mumer,NC_004431.1,CP041955.1,3,0,0,39,2086
mumer,NC_004431.1,CP041955.1,3,10,0,325,9703
mumer,NC_004431.1,CP041955.1,3,0,0,74,2259
mumer,NC_004431.1,CP041955.1,3,0,0,33,1823
mumer,NC_004431.1,CP041955.1,3,1,1,184,10068
mumer,NC_004431.1,CP041955.1,3,11,5,216,11596
mumer,NC_004431.1,CP041955.1,3,3,1,8,1964
mumer,NC_004431.1,CP041955.1,3,3,2,13,1958
mumer,NC_004431.1,CP041955.1,3,1,3,17,1922
mumer,NC_004431.1,CP041955.1,3,2,1,4,1743
mumer,NC_004431.1,CP041955.1,3,6,9,58,5264
mumer,NC_004431.1,CP041955.1,3,13,7,46,5270
mumer,NC_004431.1,CP041955.1,3,1,3,10,1286
mumer,NC_004431.1,CP041955.1,3,15,6,39,3259
mumer,NC_004431.1,CP041955.1,3,19,6,43,3144
mumer,NC_004431.1,CP041955.1,3,11,4,32,2508
mumer,NC_004431.1,CP041955.1,3,2,2,25,1490
mumer,NC_004431.1,CP041955.1,3,8,11,316,15623
mumer,NC_004431.1,CP041955.1,3,0,1,116,6937
mumer,NC_004431.1,CP041955.1,3,0,0,92,2953
mumer,NC_004431.1,CP041955.1,3,2,4,41,512
mumer,NC_004431.1,CP041955.1,3,1,0,163,6710
mumer,NC_004431.1,CP041955.1,3,9,9,171,956
mumer,NC_004431.1,CP041955.1,3,0,0,3,149
mumer,NC_004431.1,CP041955.1,3,0,0,14,349
mumer,NC_004431.1,CP041955.1,3,2,14,318,13281
mumer,NC_004431.1,CP041955.1,3,0,0,11,225
mumer,NC_004431.1,CP041955.1,3,0,0,4,133
mumer,NC_004431.1,CP041955.1,3,0,0,0,127
mumer,NC_004431.1,CP041955.1,3,0,38,517,21616
mumer,NC_004431.1,CP041955.1,3,0,0,132,4212
mumer,NC_004431.1,CP041955.1,3,1,15,683,20935
mumer,NC_004431.1,CP041955.1,3,0,0,136,4538
mumer,NC_004431.1,CP041955.1,3,0,0,45,2631
mumer,NC_004431.1,CP041955.1,3,4,10,195,10051
mumer,NC_004431.1,CP041955.1,3,1,10,11,1965
mumer,NC_004431.1,CP041955.1,3,0,10,9,1750
mumer,NC_004431.1,CP041955.1,3,4,23,55,5454
mumer,NC_004431.1,CP041955.1,3,11,97,38,5272
mumer,NC_004431.1,CP041955.1,3,9,98,41,5487
mumer,NC_004431.1,CP041955.1,3,2,11,24,3252
mumer,NC_004431.1,CP041955.1,3,0,1,7,1688
mumer,NC_004431.1,CP041955.1,3,5,3,22,3254
mumer,NC_004431.1,CP041955.1,3,4,2,20,1490
mumer,NC_004431.1,CP041955.1,3,0,2,143,7722
mumer,NC_004431.1,CP041955.1,3,0,0,2,85
mumer,NC_004431.1,CP041955.1,3,0,0,2,85
mumer,NC_004431.1,CP041955.1,3,0,0,15,1186
mumer,NC_004431.1,CP041955.1,3,0,0,93,9852
mumer,NC_004431.1,CP041955.1,3,6,0,328,11472
mumer,NC_004431.1,CP041955.1,3,76,9,488,17898
mumer,NC_004431.1,CP041955.1,3,2,1,15,2384
mumer,NC_004431.1,CP041955.1,3,1,1,16,1688
mumer,NC_004431.1,CP041955.1,3,1,3,28,2654
mumer,NC_004431.1,CP041955.1,3,4,5,40,3253
mumer,NC_004431.1,CP041955.1,3,0,0,188,4705
mumer,NC_004431.1,CP041955.1,3,1,2,102,2538
mumer,NC_004431.1,CP041955.1,3,0,0,42,904
mumer,NC_004431.1,CP041955.1,3,57,74,229,9452
mumer,NC_004431.1,CP041955.1,3,12,1,169,8004
mumer,NC_004431.1,CP041955.1,3,2,3,182,7655
mumer,NC_004431.1,CP041955.1,3,1,0,80,2475
mumer,NC_004431.1,CP041955.1,3,0,0,43,1433
mumer,NC_004431.1,CP041955.1,3,1,1,121,1093
mumer,NC_004431.1,CP041955.1,3,0,0,36,1270
mumer,NC_004431.1,CP041955.1,3,1,1,175,5358
mumer,NC_004431.1,CP041955.1,3,1,2,200,6978
mumer,NC_004431.1,CP041955.1,3,1,0,90,2173
mumer,NC_004431.1,CP041955.1,3,1,15,247,10563
mumer,NC_004431.1,CP041955.1,3,2,2,27,760
mumer,NC_004431.1,CP041955.1,3,0,0,450,16984
mumer,NC_004431.1,CP041955.1,3,1,1,279,4691
mumer,NC_004431.1,CP041955.1,3,8,2,324,6860
mumer,NC_004431.1,CP041955.1,3,2,16,487,16977
mumer,NC_004431.1,CP041955.1,3,9,3,303,17643
mumer,NC_004431.1,CP041955.1,3,0,0,16,253
mumer,NC_004431.1,CP041955.1,3,14,10,227,7398
mumer,NC_004431.1,CP041955.1,3,97,55,341,4343
mumer,NC_004431.1,CP041955.1,3,0,1,80,1001
mumer,NC_004431.1,CP041955.1,3,1,6,50,1211
mumer,NC_004431.1,CP041955.1,3,0,0,45,709
mumer,NC_004431.1,CP041955.1,3,7,49,192,1879
mumer,NC_004431.1,CP041955.1,3,0,1,30,795
mumer,NC_004431.1,CP041955.1,3,1,1,108,1124
mumer,NC_004431.1,CP041955.1,3,3,9,210,2918
mumer,NC_004431.1,CP041955.1,3,0,0,142,10743
mumer,NC_004431.1,CP041955.1,3,0,1,9,124
mumer,NC_004431.1,CP041955.1,3,0,0,29,1113
mumer,NC_004431.1,CP041955.1,3,6,0,155,10701
mumer,NC_004431.1,CP041955.1,3,0,0,200,6424
mumer,NC_004431.1,CP041955.1,3,97,0,322,17538
mumer,NC_004431.1,CP041955.1,3,2,0,246,8918
mumer,NC_004431.1,CP041955.1,3,3,1,214,4313
mumer,NC_004431.1,CP041955.1,3,2,3,37,2162
mumer,NC_004431.1,CP041955.1,3,0,0,12,296
mumer,NC_004431.1,CP041955.1,3,2,7,292,9508
mumer,NC_004431.1,CP041955.1,3,1,17,179,9548
mumer,NC_004431.1,CP041955.1,3,1,77,368,10303
mumer,NC_004431.1,CP041955.1,3,0,0,306,13120
mumer,NC_004431.1,CP041955.1,3,0,0,101,1571
mumer,NC_004431.1,CP041955.1,3,0,0,23,465
mumer,NC_004431.1,CP041955.1,3,3,0,97,3491
mumer,NC_004431.1,CP041955.1,3,3,43,312,12166
mumer,NC_004431.1,CP041955.1,3,1,1,11,121
mumer,NC_004431.1,CP041955.1,3,1,0,7,1102
mumer,NC_004431.1,CP041955.1,3,1,0,3,113
mumer,NC_004431.1,CP041955.1,3,1,13,113,4742
mumer,NC_004431.1,CP041955.1,3,1,69,188,5810
mumer,NC_004431.1,CP041955.1,3,4,3,235,9884
mumer,NC_004431.1,CP041955.1,3,1,69,117,5481
mumer,NC_004431.1,CP041955.1,3,0,0,97,614
mumer,NC_004431.1,CP041955.1,3,1,4,304,10604
mumer,NC_004431.1,CP041955.1,3,0,0,0,89
mumer,NC_004431.1,CP041955.1,3,3,3,250,7804
mumer,NC_004431.1,CP041955.1,3,1,0,10,211
mumer,NC_004431.1,CP041955.1,3,1,0,3,111
mumer,NC_004431.1,CP041955.1,3,74,1,212,7233
mumer,NC_004431.1,CP041955.1,3,0,0,151,5440
mumer,NC_004431.1,CP041955.1,3,0,0,7,137
mumer,NC_004431.1,CP041955.1,3,63,2,284,12820
mumer,NC_004431.1,CP041955.1,3,8,1,55,781
mumer,NC_004431.1,CP041955.1,3,0,0,46,471
mumer,NC_004431.1,CP041955.1,3,13,0,66,1620
mumer,NC_004431.1,CP041955.1,3,0,3,17,233
mumer,NC_004431.1,CP041955.1,3,1,1,16,176
mumer,NC_004431.1,CP041955.1,3,3597,3575,119901,4329627